Type,Name,Request Count,Failure Count,Median Response Time,Average Response Time,Min Response Time,Max Response Time,Average Content Size,Requests/s,Failures/s,50%,66%,75%,80%,90%,95%,98%,99%,99.9%,99.99%,100%
GET,/,1497,0,2200.0,2093.522222360017,4.275180002878187,3554.6763130005274,586.0,12.47528268615213,0.0,2200,2400,2500,2600,2900,3100,3300,3400,3500,3600,3600
POST,/feedback,1444,0,2100.0,2084.809130678623,8.25611600157572,3602.7966719993856,586.0,12.033606011224903,0.0,2100,2400,2500,2600,2900,3100,3400,3400,3600,3600,3600
POST,/predict,1447,0,2800.0,2709.523027687669,347.8058010005043,4263.8545029985835,73.0,12.058606577730217,0.0,2800,3000,3200,3300,3500,3700,3900,4000,4300,4300,4300
,Aggregated,4388,0,2300.0,2293.789191576332,4.275180002878187,4263.8545029985835,416.8315861440292,36.56749527510725,0.0,2300,2600,2800,2900,3200,3400,3600,3800,4100,4300,4300
