Type,Name,Request Count,Failure Count,Median Response Time,Average Response Time,Min Response Time,Max Response Time,Average Content Size,Requests/s,Failures/s,50%,66%,75%,80%,90%,95%,98%,99%,99.9%,99.99%,100%
GET,/,1392,0,2200.0,2215.2097196954055,5.0354810009594075,5226.401609001186,586.0,11.604379362746947,0.0,2200,2400,2600,2700,3200,3800,4600,4900,5200,5200,5200
POST,/feedback,1434,0,2200.0,2306.9864629128656,7.325745002162876,5014.296540000942,586.0,11.954511498691897,0.0,2200,2500,2700,2800,3400,4000,4800,4900,5000,5000,5000
POST,/predict,1423,0,2800.0,2881.153736817968,210.36384100079886,6623.622932002036,73.0,11.86281022499203,0.0,2800,3100,3300,3400,3900,4700,5500,5600,6500,6600,6600
,Aggregated,4249,0,2400.0,2469.2097635031837,5.0354810009594075,6623.622932002036,414.1951047305248,35.42170108643087,0.0,2400,2700,2900,3100,3600,4200,4900,5300,6500,6600,6600
