Type,Name,Request Count,Failure Count,Median Response Time,Average Response Time,Min Response Time,Max Response Time,Average Content Size,Requests/s,Failures/s,50%,66%,75%,80%,90%,95%,98%,99%,99.9%,99.99%,100%
GET,/,1356,0,18000.0,16384.12055388197,4.324346999055706,28361.336115001905,586.0,11.287050299858937,0.0,18000,23000,24000,24000,27000,27000,28000,28000,28000,28000,28000
POST,/feedback,1366,0,20000.0,17016.588321001505,6.2102250012685545,28362.036282996996,586.0,11.370288133928693,0.0,20000,23000,24000,24000,27000,27000,28000,28000,28000,28000,28000
POST,/predict,1396,0,21000.0,17901.328082566546,231.99024299901794,29383.664222001244,73.0,11.62000163613796,0.0,21000,24000,25000,25000,27000,28000,28000,29000,29000,29000,29000
,Aggregated,4118,0,20000.0,17108.25185061074,4.324346999055706,29383.664222001244,412.09324915007284,34.277340069925586,0.0,20000,24000,24000,25000,27000,27000,28000,28000,29000,29000,29000
